<?xml version="1.0" encoding="UTF-8" standalone="no"?>
<QE>
    <Segment id="Pin">
        <Setting id="PB3" value="MTIOC0A"/>
        <Setting id="PD5" value="SMISO1"/>
        <Setting id="PB2" value="MTIOC0B"/>
        <Setting id="PD4" value="SCK1"/>
        <Setting id="PB5" value="GTIOC2B"/>
        <Setting id="PD7" value="SMOSI5"/>
        <Setting id="PD6" value="TMO1"/>
        <Setting id="PB7" value="GTIOC1B"/>
        <Setting id="PB6" value="GTIOC2A"/>
        <Setting id="P81" value="SMOSI6"/>
        <Setting id="P80" value="SMISO6"/>
        <Setting id="P82" value="SCK6"/>
        <Setting id="P20" value="MTIOC9C"/>
        <Setting id="P22" value="TMO4"/>
        <Setting id="P24" value="RSPCKA"/>
        <Setting id="PE0" value="SMISO5"/>
        <Setting id="PE1" value="TMO5"/>
        <Setting id="PA0" value="TMO2"/>
        <Setting id="PA2" value="TMO7"/>
        <Setting id="PA1" value="MTIOC6A"/>
        <Setting id="PA4" value="MTIOC1B"/>
        <Setting id="PA3" value="MTIOC2A"/>
        <Setting id="PA5" value="MTIOC1A"/>
        <Setting id="P91" value="MTIOC7C"/>
        <Setting id="P94" value="MTIOC7A"/>
        <Setting id="P93" value="MTIOC7B"/>
        <Setting id="P30" value="SSLA0"/>
        <Setting id="P95" value="MTIOC6B"/>
        <Setting id="P32" value="TMO6"/>
        <Setting id="P11" value="TMO3"/>
        <Setting id="P36" value="EXTAL"/>
        <Setting id="P37" value="XTAL"/>
        <Setting id="PD1" value="MISOA"/>
        <Setting id="PD0" value="GTIOC1A"/>
        <Setting id="PB1" value="MTIOC0C"/>
        <Setting id="PD3" value="TMO0"/>
        <Setting id="PD2" value="SCK5"/>
        <Setting id="PB0" value="MOSIA"/>
    </Segment>
    <Segment id="Device">
        <Setting id="Series" value="RX200"/>
        <Setting id="Group" value="RX24T"/>
        <Setting id="Board" value="カスタムユーザボード"/>
        <Setting id="PartNo" value="R5F524TEAxFP"/>
        <Setting id="PinCount" value="100"/>
    </Segment>
    <Segment id="Clock">
        <Setting id="PCLKD" value="40000.0"/>
        <Setting id="CacMCLK" value="20000.0"/>
        <Setting id="PCLKB" value="40000.0"/>
        <Setting id="VCC" value="5.0"/>
        <Setting id="PCLKA" value="80000.0"/>
        <Setting id="ICLK" value="80000.0"/>
        <Setting id="FCLK" value="20000.0"/>
        <Setting id="SysCLKSrc" value="4.0"/>
        <Setting id="ExtCLK" value="20000.0"/>
    </Segment>
    <Segment id="Component">
        <Setting id="Config_MTU7_CsigUpdTim" value="CG"/>
        <Setting id="Config_MTU6_PhaseAB" value="CG"/>
        <Setting id="Config_GPT1_PhaseAB" value="CG"/>
        <Setting id="Config_CMT0_CsigUpdTim" value="CG"/>
        <Setting id="Config_GPT0_PhaseA" value="CG"/>
        <Setting id="Config_GPT0_Csig" value="CG"/>
        <Setting id="Config_GPT2_PhaseA" value="CG"/>
        <Setting id="Config_GPT1_PhaseA" value="CG"/>
        <Setting id="Config_GPT3_PhaseB" value="CG"/>
        <Setting id="Config_GPT0_PhaseB" value="CG"/>
        <Setting id="Config_GPT1_PhaseB" value="CG"/>
        <Setting id="Config_GPT2_PhaseB" value="CG"/>
        <Setting id="Config_GPT3_PhaseA" value="CG"/>
        <Setting id="Config_MTU9_Cap" value="CG"/>
        <Setting id="Config_MTU9_Csig" value="CG"/>
        <Setting id="Config_MTU9_PhaseA" value="CG"/>
        <Setting id="Config_MTU9_PhaseB" value="CG"/>
        <Setting id="Config_GPT3_Cap" value="CG"/>
        <Setting id="Config_CMT3_CsigUpdTim" value="CG"/>
        <Setting id="Config_MTU7_PhaseA" value="CG"/>
        <Setting id="Config_MTU0_Cap" value="CG"/>
        <Setting id="Config_TMR3_PhaseB" value="CG"/>
        <Setting id="Config_MTU6_PhaseB" value="CG"/>
        <Setting id="Config_TMR3_PhaseA" value="CG"/>
        <Setting id="Config_MTU6_PhaseA" value="CG"/>
        <Setting id="Config_GPT2_Esig1" value="CG"/>
        <Setting id="Config_GPT0_CsigUpdTim" value="CG"/>
        <Setting id="Config_MTU0_Esig1" value="CG"/>
        <Setting id="Config_GPT1_Cap" value="CG"/>
        <Setting id="Config_MTU7_Csig" value="CG"/>
        <Setting id="Config_TMR7_PhaseB" value="CG"/>
        <Setting id="Config_TMR7_PhaseA" value="CG"/>
        <Setting id="Config_TMR1_PhaseA" value="CG"/>
        <Setting id="Config_TMR5_PhaseB" value="CG"/>
        <Setting id="Config_TMR5_PhaseA" value="CG"/>
        <Setting id="Config_TMR1_PhaseB" value="CG"/>
        <Setting id="Config_MTU2_Cap" value="CG"/>
        <Setting id="Config_GPT0_PhaseAB" value="CG"/>
        <Setting id="Config_SCI5_RdcCom" value="CG"/>
        <Setting id="Config_TMR0_RdcClk" value="CG"/>
        <Setting id="Config_MTU7_PhaseAB" value="CG"/>
        <Setting id="Config_GPT2_CsigUpdTim" value="CG"/>
        <Setting id="Config_SCI1_RdcCom" value="CG"/>
        <Setting id="Config_GPT0_Cap" value="CG"/>
        <Setting id="Config_MTU9_Esig1" value="CG"/>
        <Setting id="Config_MTU6_CsigUpdTim" value="CG"/>
        <Setting id="Config_MTU0_RdcClk" value="CG"/>
        <Setting id="Config_GPT3_Esig1" value="CG"/>
        <Setting id="Config_MTU2_Esig21" value="CG"/>
        <Setting id="Config_MTU6_Esig22" value="CG"/>
        <Setting id="Config_MTU0_PhaseA" value="CG"/>
        <Setting id="Config_MTU1_RdcClk" value="CG"/>
        <Setting id="Config_MTU1_PhaseB" value="CG"/>
        <Setting id="Config_MTU0_PhaseB" value="CG"/>
        <Setting id="Config_MTU1_Esig21" value="CG"/>
        <Setting id="Config_MTU9_Esig22" value="CG"/>
        <Setting id="Config_MTU1_PhaseA" value="CG"/>
        <Setting id="Config_MTU9_RdcClk" value="CG"/>
        <Setting id="Config_MTU2_Esig22" value="CG"/>
        <Setting id="Config_MTU1_Esig22" value="CG"/>
        <Setting id="Config_MTU6_Esig21" value="CG"/>
        <Setting id="Config_MTU9_Esig21" value="CG"/>
        <Setting id="Config_GPT1_Csig" value="CG"/>
        <Setting id="Config_GPT3_CsigUpdTim" value="CG"/>
        <Setting id="Config_GPT2_Esig12" value="CG"/>
        <Setting id="Config_MTU9_CsigUpdTim" value="CG"/>
        <Setting id="Config_CMT2_CsigUpdTim" value="CG"/>
        <Setting id="Config_MTU2_Esig1" value="CG"/>
        <Setting id="Config_MTU9_Esig12" value="CG"/>
        <Setting id="Config_TMR0_PhaseB" value="CG"/>
        <Setting id="Config_MTU6_Cap" value="CG"/>
        <Setting id="Config_TMR4_RdcClk" value="CG"/>
        <Setting id="Config_TMR0_PhaseA" value="CG"/>
        <Setting id="Config_TMR4_PhaseA" value="CG"/>
        <Setting id="Config_TMR4_PhaseB" value="CG"/>
        <Setting id="Config_CMT1_CsigUpdTim" value="CG"/>
        <Setting id="r_bsp" value="FIT"/>
        <Setting id="Config_RSPI0_RdcCom" value="CG"/>
        <Setting id="Config_GPT3_RdcClk" value="CG"/>
        <Setting id="Config_GPT0_Esig21" value="CG"/>
        <Setting id="Config_GPT0_Esig22" value="CG"/>
        <Setting id="Config_GPT1_Esig22" value="CG"/>
        <Setting id="Config_MTU2_Csig" value="CG"/>
        <Setting id="Config_GPT2_Esig22" value="CG"/>
        <Setting id="Config_MTU1_Cap" value="CG"/>
        <Setting id="Config_MTU1_Esig1" value="CG"/>
        <Setting id="Config_GPT2_Esig21" value="CG"/>
        <Setting id="Config_GPT1_Esig1" value="CG"/>
        <Setting id="Config_GPT1_Esig21" value="CG"/>
        <Setting id="Config_GPT0_RdcClk" value="CG"/>
        <Setting id="Config_GPT1_RdcClk" value="CG"/>
        <Setting id="Config_GPT2_RdcClk" value="CG"/>
        <Setting id="Config_GPT3_PhaseAB" value="CG"/>
        <Setting id="Config_GPT3_Esig21" value="CG"/>
        <Setting id="Config_GPT3_Esig22" value="CG"/>
        <Setting id="Config_GPT1_CsigUpdTim" value="CG"/>
        <Setting id="Config_MTU0_PhaseAB" value="CG"/>
        <Setting id="Config_GPT2_Cap" value="CG"/>
        <Setting id="Config_GPT1_Esig12" value="CG"/>
        <Setting id="Config_TMR7_RdcClk" value="CG"/>
        <Setting id="Config_TMR5_RdcClk" value="CG"/>
        <Setting id="Config_GPT3_Esig12" value="CG"/>
        <Setting id="Config_MTU7_Esig1" value="CG"/>
        <Setting id="Config_MTU1_Csig" value="CG"/>
        <Setting id="Config_TMR3_RdcClk" value="CG"/>
        <Setting id="Config_MTU0_Esig12" value="CG"/>
        <Setting id="Config_MTU2_RdcClk" value="CG"/>
        <Setting id="Config_MTU6_Esig1" value="CG"/>
        <Setting id="Config_TMR1_RdcClk" value="CG"/>
        <Setting id="Config_TMR2_RdcClk" value="CG"/>
        <Setting id="Config_MTU0_CsigUpdTim" value="CG"/>
        <Setting id="Config_GPT2_PhaseAB" value="CG"/>
        <Setting id="Config_MTU9_PhaseAB" value="CG"/>
        <Setting id="Config_SCI6_RdcCom" value="CG"/>
        <Setting id="Config_GPT2_Csig" value="CG"/>
        <Setting id="Config_GPT3_Csig" value="CG"/>
        <Setting id="Config_GPT0_Esig1" value="CG"/>
        <Setting id="Config_MTU6_Csig" value="CG"/>
        <Setting id="Config_MTU0_Esig21" value="CG"/>
        <Setting id="Config_MTU2_PhaseA" value="CG"/>
        <Setting id="Config_MTU2_PhaseB" value="CG"/>
        <Setting id="Config_MTU6_RdcClk" value="CG"/>
        <Setting id="Config_MTU7_RdcClk" value="CG"/>
        <Setting id="Config_MTU7_Esig22" value="CG"/>
        <Setting id="Config_MTU0_Esig22" value="CG"/>
        <Setting id="Config_MTU7_Esig21" value="CG"/>
        <Setting id="Config_TMR2_PhaseA" value="CG"/>
        <Setting id="Config_MTU7_PhaseB" value="CG"/>
        <Setting id="Config_MTU2_CsigUpdTim" value="CG"/>
        <Setting id="Config_GPT0_Esig12" value="CG"/>
        <Setting id="Config_MTU7_Cap" value="CG"/>
        <Setting id="Config_MTU0_Csig" value="CG"/>
        <Setting id="Config_MTU1_CsigUpdTim" value="CG"/>
        <Setting id="Config_TMR6_RdcClk" value="CG"/>
        <Setting id="Config_TMR6_PhaseA" value="CG"/>
        <Setting id="Config_TMR2_PhaseB" value="CG"/>
        <Setting id="Config_TMR6_PhaseB" value="CG"/>
    </Segment>
</QE>
