<?xml version="1.0" encoding="UTF-8" standalone="no"?>
<QE>
    <Segment id="Pin">
        <Setting id="PB3" value="MTIOC0A"/>
        <Setting id="PA2" value="MTIOC2B"/>
        <Setting id="PD5" value="SMISO1"/>
        <Setting id="PB2" value="MTIOC0B"/>
        <Setting id="PD4" value="SCK1"/>
        <Setting id="PA4" value="MTIOC1B"/>
        <Setting id="PB5" value="SMOSI5"/>
        <Setting id="PA3" value="MTIOC2A"/>
        <Setting id="PD6" value="TMO1"/>
        <Setting id="PB7" value="SCK5"/>
        <Setting id="PA5" value="MTIOC1A"/>
        <Setting id="PB6" value="SMISO5"/>
        <Setting id="P94" value="MISOA"/>
        <Setting id="P93" value="RSPCKA"/>
        <Setting id="P30" value="SSLA0"/>
        <Setting id="P23" value="TMO2"/>
        <Setting id="P11" value="TMO3"/>
        <Setting id="P36" value="EXTAL"/>
        <Setting id="P37" value="XTAL"/>
        <Setting id="PD3" value="TMO0"/>
        <Setting id="PB0" value="MOSIA"/>
    </Segment>
    <Segment id="Device">
        <Setting id="Series" value="RX200"/>
        <Setting id="Group" value="RX23T"/>
        <Setting id="Board" value="カスタムユーザボード"/>
        <Setting id="PartNo" value="R5F523T5AxFM"/>
        <Setting id="PinCount" value="64"/>
    </Segment>
    <Segment id="Clock">
        <Setting id="PCLKD" value="40000.0"/>
        <Setting id="CacMCLK" value="20000.0"/>
        <Setting id="PCLKB" value="40000.0"/>
        <Setting id="VCC" value="5.0"/>
        <Setting id="PCLKA" value="40000.0"/>
        <Setting id="ICLK" value="40000.0"/>
        <Setting id="FCLK" value="20000.0"/>
        <Setting id="SysCLKSrc" value="4.0"/>
        <Setting id="ExtCLK" value="20000.0"/>
    </Segment>
    <Segment id="Component">
        <Setting id="r_bsp" value="FIT"/>
        <Setting id="Config_TMR0_RdcClk" value="CG"/>
        <Setting id="Config_SCI5_RdcCom" value="CG"/>
        <Setting id="Config_RSPI0_RdcCom" value="CG"/>
        <Setting id="Config_TMR1_RdcClk" value="CG"/>
        <Setting id="Config_TMR2_RdcClk" value="CG"/>
        <Setting id="Config_MTU2_Csig" value="CG"/>
        <Setting id="Config_MTU1_Cap" value="CG"/>
        <Setting id="Config_SCI1_RdcCom" value="CG"/>
        <Setting id="Config_CMT0_CsigUpdTim" value="CG"/>
        <Setting id="Config_CMT3_CsigUpdTim" value="CG"/>
        <Setting id="Config_TMR3_PhaseB" value="CG"/>
        <Setting id="Config_TMR3_PhaseA" value="CG"/>
        <Setting id="Config_TMR2_PhaseA" value="CG"/>
        <Setting id="Config_MTU0_Esig1" value="CG"/>
        <Setting id="Config_CMT2_CsigUpdTim" value="CG"/>
        <Setting id="Config_MTU1_Csig" value="CG"/>
        <Setting id="Config_TMR0_PhaseB" value="CG"/>
        <Setting id="Config_TMR3_RdcClk" value="CG"/>
        <Setting id="Config_TMR0_PhaseA" value="CG"/>
        <Setting id="Config_TMR1_PhaseA" value="CG"/>
        <Setting id="Config_TMR1_PhaseB" value="CG"/>
        <Setting id="Config_TMR2_PhaseB" value="CG"/>
        <Setting id="Config_MTU2_Cap" value="CG"/>
        <Setting id="Config_MTU0_Esig12" value="CG"/>
        <Setting id="Config_CMT1_CsigUpdTim" value="CG"/>
    </Segment>
</QE>
